FROM_ADDRESS,TOTAL_TIMES_QUERIED
0x63faf46dadc9676745836289404b39136622b821,439181
0xa51b83e420c5f82982dc8b7f4514c9bea0b290ee,84069
0xb503cd2492b871ef3d6d972777814934011bf29c,11189
0xec6f4cd64d28ef32507e2dc399948aae9bbedd7e,10651
0x210ac53b27f16e20a9aa7d16260f84693390258f,3055
0xe8929afd47064efd36a7fb51da3f8c5eb40c4cb4,3005
0xb825e25856bd98b3f2faf2aeb6cb8742b38c4025,2833
0x3d619bc03014917d3b27b3b86452346af36e58de,2668
0x82e9283e7a64ae1516ef6753dc9d733609c07491,2565
0x1ad386d647c216f3fe5a4fc04f6e4cb83e3048cf,2488
0xa9f9f897dd367c416e350c33a92fc12e53e1cee5,2013
0x8aa3932790b33c7cc751231161ae5221af058d12,1863
0x906f3732eea592c0bc95dea95a322341c8ff886d,1732
0x6ba1ddd63a5680b7c666b74a50be28b24d507beb,1707
0xe4e58df3956bc6423a62e87ddd99ca3120f1dd4b,1678
0xba1e06b6140f90c9d01267c3dfbe3e2445860d0d,1675
0x1ba631331503f0486538cb707c6685cbc6b28944,1187
0x1478551ff3ee214409db6d0d0182ace2d6b25b88,1131
0xc1b06da65074c9df0109d312eb3e59e04f638514,1071
0x4f51264b07db8b2910e892eeef22460de23268a7,1062
0x0ac58cef7f0ebc8d026f671329f691391bc36f0c,860
0x942d5f657d5b48f82db530ad530e200e1caddc26,802
0x6cc0cd7d25e291029b55c767b9a2d1d9a18ae668,691
0x0926174bd0bf6140beb3696e4ac5a9b8bd52726f,593
0xedb41d07306a43519045a2f5ac336a9bab7036a0,554
0x02dcc3aaa2f0c97fe0abfaf07df3e0c7ae56557a,541
0x1fad8faf11e027f8630f394599830dbeb97004ee,496
0xc501813c97fe063c739b8b86c2d12a0494623872,466
0x959c6189e6039606a79e209213f85f6e0a5bb378,418
0x427d7cfedc887d9a73c48dbd7ea15cdbda6ba532,356
0x976e50a38d7f15ffb9db95ff0562b87436bc764e,349
0x1b086779e47509bdc9f49f1ed31eefb1ef156deb,325
0x0000000000007f150bd6f54c40a34d7c3d5e9f56,282
0xe0b858c2698598830256a005e1ad3a2c5ef5e6bc,281
0x34baf46ea5081e3e49c29fccd8671ccc51e61e79,266
0xf6ba6441d4dac647898f4083483aa44da8b1446f,264
0xfee27fb71ae3feeef2c11f8e02037c42945e87c4,224
0xeb56ed8d958941068b123e581c2eda65b3aec80f,209
0xc5519f3fcecc8ec85caaf8836563dee9a00080f9,207
0xed3056e0aa92c8ea9732212b254a59e9bc57c378,169
0xe9025e33e193ffcd809badeb199f629231484858,148
0x21790f2a8c6117cd93e65c30f55c6bb99cb6c16d,131
0xa4492fcda2520cb68657d220f4d4ae3116359c10,122
0x78c205d51a146dbf29e5ec41ab090a448129845a,122
0xfe89d2851aaaf67ec772dec15b83216d04ab72e8,112
0x41a37655a7afb85787bd60a9fa750225567da186,99
0x2451189dd49605dad7cfefc425782ddded8a7698,94
0x596e255594f95568b6777d1cfcc1db86ab7772a7,84
0x724777c454c5af1ca6231e57429c812726ac84ae,83
0xf3c384b9321abd6c0a6cbd1fddf97d4b125c6b81,80
0x6a8b61ecbaaf1d187960558ac5c157c6d1bcd075,78
0xfdebd11f8f821b7bf404dfafd4d2bc83dcb8bb26,64
0xec58c11aa55836c896b80a9d8032e39eeb525cbc,56
0xd8687ea896c622d2992de921ca2c3bd4f9ec4ee9,53
0x09fde18700c82a8f3134a5c01dc58f6cb2396a40,51
0xae6fcb6b2b6c5bd1ad40f15b6133b5f44f8d587f,49
0x2bd81260fe864173b6ec1ec9ee41a76366922565,48
0x38180dd6d01f6774d8060e3ab8d06475125abb56,48
0x90a17826c80ea4917bbd64b281d92aaf2bbb0024,47
0x8fe826cc1225b03aa06477ad5af745aed5fe7066,43
0x9ba41a2c5175d502ea52ff9a666f8a4fc00c00a1,43
0x5a6e01aa6a29ab1d081a2ce2303e45debb12c050,42
0x8fd458ef0889eed73220bc766ce12a58f9ed0447,42
0x8161abcd654e9c2d2d226a8d3b36ca58d24ccc9b,39
0xb40462f839a2b5195c4aa02cfcc9afd24a71751e,38
0x179b8600665baaaf105b489e06259d465fc0e923,37
0x24391869e7d7ae4a410d613c17396b6ece227f54,35
0x1b7c5da3d2dbc05b089053fa3318f26bdd8ab10a,33
0x811213d2d0e26ecf65714074cef59119dd7f36d9,28
0xeec4790306c43dc00cebbe4d0c36fadf8634b533,27
0x580ae3aed3e8e8d83c970fa6d2766c0fb8af759f,26
0xc7b6bf0edd3e8ee997a8e3232d86e7065f608aba,24
0x85f6ab4e889bbdd760b61183d3544e77f228d77c,24
0x7e0537f8499a1abe3af152a0bd55c1f39ed11b64,21
0x026d1a45ee02bf5d3b8a04639725b385f9f09575,19
0x357680b12e815902b75c86cec1eac5d562b158e1,18
0xb6f767453b41d71112a910d3b3f7e35d7ff7231f,18
0xbb403209593843e0d9ce6a87cd73f73fb9b9a6db,18
0x30eb805adcfadf63294a4aa4f07bd1073786ced1,18
0xbf9fe98734110a7440885bce00da28f5455516ed,17
0xd33535e9f2e09485ac9ce8b27f865251161065e0,15
0xcba520ff6d7cdd13707e6d2f061e8356d8ddb23e,12
0xebdc2d2a203c17895be0dacdf539eefc710eafd8,12
0x70a89e52faefe600a2a0f6d12804cb613f61be61,12
0x33507030c1e2453209db81d862b8e5bc47728124,11
0x1d5d4dec31e8aadfbffe167d844ad734a169c695,11
0x8d8503ed56be90bff89fb716a3f9e0c359ee03ed,10
0x4e5d8e00a630a50016ffdca3d955aca2e73fe9f0,10
0x126ae6ef73c8cda33a08b4f8c3410d02089a1aaf,9
0xef1da8cabdd85dbaf4b6ffbeaed8804db04cd8b2,9
0xa004a5afba04b74037e9e52ba1f7eb02b5e61509,9
0xeafe0cb1b0f20cb3f7b5b7be7f83cdbd3482be8e,8
0x173209214e4e23bf42ae55a7dad73104cf77dfae,8
0x5b3ae8b672a753906b1592d44741f71fbd05ba8c,8
0xf3199f753e21aabf30f2ac114c8780ece7174447,8
0xb7439f887f0d61a236c8a14c22857684dc5cd50e,7
0xcc4a43ca41a9f64a8f4009e9e6e6e92279a98a77,7
0x972a64d108e250df98dbeac8170678501f5ef181,7
0xa7ded9f4ebec00cbf445fd864f7c13646736ea3e,7
0x7302c2379287a46c76de52333d6faba17b338c85,7
